<?xml version="1.0"?>
<graph title="Simple Graph Demo" bgcolor="ffffff" linecolor="cccccc" viewmode="display" width="725" height="400">
     <node id="n1" text="Creative Synthesis" image="example1/co.png" link="http://www.creativesynthesis.net" scale="120" color="0000ff" textcolor="0000ff"/>
     <node id="n2" text="Recycled Research" image="example1/co.png" color="cccccc" textcolor="000000"/>
     <node id="n3" text="Graph Gear" image="example1/co.png" scale="140" color="0000ff" textcolor="000000"/>
     <node id="n4" text="Personal Zeitgeist" image="example1/co.png" color="cccccc" textcolor="000000"/>
     <node id="n5" text="Recycled Canvas" image="example1/co.png" color="cccccc" textcolor="000000"/>
     <node id="n6" text="Research Art Science" image="example1/co.png" color="cccccc" textcolor="000000"/>
     <node id="n7" text="Design Graph" image="example1/co.png" color="0000ff" textcolor="000000"/>

     <edge sourceNode="n1" targetNode="n2" label="" textcolor="555555"/>
     <edge sourceNode="n1" targetNode="n3" label="" textcolor="555555"/>
     <edge sourceNode="n1" targetNode="n4" label="" textcolor="555555"/>
     <edge sourceNode="n1" targetNode="n5" label="" textcolor="555555"/>
     <edge sourceNode="n2" targetNode="n6" label="" textcolor="555555"/>
     <edge sourceNode="n2" targetNode="n7" label="" textcolor="555555"/>
</graph>