<?xml version="1.0"?>
<graph animation="true" lock="x" action="drag"  title="Simple Graph Demo" bgcolor="ffffff" linecolor="000000" viewmode="display" width="725" height="400" type="directed" lock="no">
     <node type="SquareNode" id="n1" text="Creative Synthesis" image="../examples/example1/co.png" link="http://www.creativesynthesis.net" scale="120" color="0000ff" textcolor="0000ff" scale="140"/>
     <node type="CircleTextNode" id="n2" text="Recycled Research" image="../examples/example1/co.png" color="cccccc" textcolor="000000"/>
     <node type="CircleTextNode" id="n3" text="Graph Gear"  scale="110" color="0000ff" textcolor="000000"/>
     <node type="CircleTextNode" id="n4" text="Personal Zeitgeist" image="../examples/example1/co.png" color="cccccc" textcolor="000000"/>
     <node type="CircleTextNode" id="n5" text="Recycled Canvas" image="../examples/example1/co.png" color="cccccc" textcolor="000000"/>
     <node type="CircleTextNode" id="n6" text="Research Art Science" image="../examples/example1/co.png" color="cccccc" textcolor="000000"/>
     <node type="CircleTextNode" id="n7" text="Crazy Node" image="../examples/example1/co.png" color="0000ff" textcolor="000000"/>
 <edge sourceNode="n1" targetNode="n2" label="Go!" textcolor="555555"/>
     <edge sourceNode="n1" targetNode="n3" label="" textcolor="555555"/>
     <edge sourceNode="n3" targetNode="n1" label="" textcolor="555555"/>

     <edge sourceNode="n1" targetNode="n4" label="" textcolor="555555"/>
     <edge sourceNode="n4" targetNode="n1" label="" textcolor="555555"/>

     <edge sourceNode="n1" targetNode="n5" label="" textcolor="555555"/>
     <edge sourceNode="n2" targetNode="n6" label="" textcolor="555555"/>
     <edge sourceNode="n6" targetNode="n2" label="" textcolor="555555"/>
     <edge sourceNode="n2" targetNode="n7" label="" textcolor="555555"/>
     <edge sourceNode="n7" targetNode="n2" label="" textcolor="555555"/>


</graph>
